{"FIGHT_PROP_ATTACK":[13.619999885559082,15.5600004196167,17.510000228881836,19.450000762939453],"FIGHT_PROP_ATTACK_PERCENT":[0.040800001472234726,0.04659999907016754,0.05249999836087227,0.05829999968409538],"FIGHT_PROP_CHARGE_EFFICIENCY":[0.04529999941587448,0.05180000141263008,0.05829999968409538,0.06480000168085098],"FIGHT_PROP_CRITICAL":[0.0272000003606081,0.031099999323487282,0.03500000014901161,0.03889999911189079],"FIGHT_PROP_CRITICAL_HURT":[0.0544000007212162,0.062199998646974564,0.06989999860525131,0.07769999653100967],"FIGHT_PROP_DEFENSE":[16.200000762939453,18.520000457763672,20.829999923706055,23.149999618530273],"FIGHT_PROP_DEFENSE_PERCENT":[0.050999999046325684,0.05829999968409538,0.06560000032186508,0.07289999723434448],"FIGHT_PROP_ELEMENT_MASTERY":[16.31999969482422,18.649999618530273,20.979999542236328,23.309999465942383],"FIGHT_PROP_HP":[209.1300048828125,239,268.8800048828125,298.75],"FIGHT_PROP_HP_PERCENT":[0.040800001472234726,0.04659999907016754,0.05249999836087227,0.05829999968409538]}