{"FIGHT_PROP_ATTACK":311,"FIGHT_PROP_ATTACK_PERCENT":0.4659999907016754,"FIGHT_PROP_CHARGE_EFFICIENCY":0.5180000066757202,"FIGHT_PROP_CRITICAL":0.3109999895095825,"FIGHT_PROP_CRITICAL_HURT":0.621999979019165,"FIGHT_PROP_DEFENSE":741,"FIGHT_PROP_DEFENSE_PERCENT":0.5830000042915344,"FIGHT_PROP_ELEC_ADD_HURT":0.4659999907016754,"FIGHT_PROP_ELEMENT_MASTERY":186.5,"FIGHT_PROP_FIRE_ADD_HURT":0.4659999907016754,"FIGHT_PROP_FIRE_SUB_HURT":0.5,"FIGHT_PROP_GRASS_ADD_HURT":0.4659999907016754,"FIGHT_PROP_HEAL_ADD":0.35899999737739563,"FIGHT_PROP_HP":4780,"FIGHT_PROP_HP_PERCENT":0.4659999907016754,"FIGHT_PROP_ICE_ADD_HURT":0.4659999907016754,"FIGHT_PROP_PHYSICAL_ADD_HURT":0.5830000042915344,"FIGHT_PROP_ROCK_ADD_HURT":0.4659999907016754,"FIGHT_PROP_WATER_ADD_HURT":0.4659999907016754,"FIGHT_PROP_WIND_ADD_HURT":0.4659999907016754}